client_id,advisor_id,name,email,phone,address,dob
1001,7,Brittany Johnson,client1001@email.com,(598)326-2045x053,"232 Nicole Burg Apt. 563, Erikville, MS 05576",1995-12-15
1002,18,Robert Stevens,client1002@email.com,733-203-6541x4586,"94019 Reed Turnpike Suite 698, South Rachelborough, KS 06318",1987-02-12
1003,14,Timothy Ryan,client1003@email.com,001-735-861-5951x484,"66299 Sullivan Village, West Justinchester, WY 76520",1981-02-02
1004,8,Jeremy Lowe,client1004@email.com,272.214.8951x34332,"176 Jennifer Lights Suite 632, Port Michelleville, WI 56225",1958-03-18
1005,15,Melissa Marshall,client1005@email.com,+1-731-972-7889,"727 Green Gateway Suite 873, Scottport, IA 36115",1965-02-10
1006,19,Angela Hernandez,client1006@email.com,(823)216-6587x6036,"0546 Medina Street Apt. 734, Tuckerfurt, MA 88171",1985-05-14
1007,9,Christopher Mcdonald,client1007@email.com,(898)406-9901,"46537 Rogers Light, Karenchester, KS 11236",1973-01-17
1008,1,Amy Crane,client1008@email.com,510.403.3092,"374 Jackson Rest, Port Loriport, CT 76350",1946-10-24
1009,6,Michael Rubio,client1009@email.com,(831)793-1491x9058,"67165 Zimmerman Mews Apt. 849, Marshallshire, KY 42746",1995-07-20
1010,14,Angelica Keith,client1010@email.com,479.996.5075,"4948 Zachary Field Apt. 367, Lake Thomas, VT 64833",1971-09-28
1011,11,Edward Sullivan,client1011@email.com,749.757.8856,"4313 Wilson Plain Apt. 337, Jennyhaven, PA 37594",2003-02-24
1012,9,Elizabeth Ward,client1012@email.com,608-924-0084x2710,"04711 Vasquez Ports Apt. 229, Christopherbury, DE 73648",1990-05-26
1013,5,Rachel Perez,client1013@email.com,567.674.9649x90913,"28120 Hayes Ranch, Carterbury, LA 93163",1961-12-23
1014,7,Andrea Hall,client1014@email.com,493-661-8324x210,"1746 Mason Park Suite 190, Navarroview, AK 12471",1958-10-21
1015,11,Shannon Matthews,client1015@email.com,4498027874,"75655 Mia Isle Suite 746, South Christopherview, MD 15695",2002-07-16
1016,4,Jose Travis,client1016@email.com,+1-487-660-3859x7703,"09324 Andrea Course Apt. 171, South Sarah, LA 67199",1986-12-01
1017,3,John Kennedy,client1017@email.com,682.263.9821x465,"972 Ryan Key Suite 886, Cantuborough, UT 31801",1979-01-13
1018,13,Reginald Williams,client1018@email.com,001-376-962-7028x951,"2174 Hanson Locks, Port Markside, MS 42006",1982-04-12
1019,4,Katherine Weaver,client1019@email.com,+1-213-243-1611x724,"5562 Amanda Port, East Gregory, RI 50641",1981-11-10
1020,12,Thomas Thomas,client1020@email.com,647.840.7482x175,"3671 Patrick Knolls Suite 406, Alanton, PW 79983",1989-04-06
1021,12,Stephanie Parsons,client1021@email.com,295.633.9421,"521 Murphy Mall, East David, ND 48454",1976-08-13
1022,20,Sandra Scott,client1022@email.com,245.617.1236x8516,"4965 Emily Mountains Apt. 985, Lake Bryan, GU 61353",1998-12-14
1023,9,Jason Taylor,client1023@email.com,9477113826,"261 Gilbert Harbors Apt. 537, Sampsonstad, CT 90374",1966-12-21
1024,2,Maria Brown,client1024@email.com,531-371-3900x532,"335 Kristina Ranch, West Micheleberg, DC 71308",1960-02-01
1025,15,Matthew Johnson,client1025@email.com,4538950240,"7589 Shannon Forges, Lake Kristahaven, ME 60537",1983-04-03
1026,18,Zachary Boone,client1026@email.com,(717)871-1592x12499,"Unit 8478 Box 9611, DPO AP 85817",1997-01-30
1027,4,Sharon Jordan,client1027@email.com,765.676.6156,"711 Christopher Court, Lisaside, AR 77370",2001-09-27
1028,13,Meagan Jenkins,client1028@email.com,+1-360-749-4519x8327,"49368 Chelsea Shoals Suite 024, Sandrastad, AL 24278",1996-08-14
1029,3,Jennifer Thomas,client1029@email.com,+1-301-283-6675x2545,"147 Tucker Mills, Nelsonhaven, DE 45743",1970-08-30
1030,18,Michael Tucker,client1030@email.com,+1-740-336-9003x4324,"26838 Jones Wall Apt. 607, Port Lawrencechester, OK 53509",1987-02-27
1031,10,Brian Smith,client1031@email.com,829-675-1613x69681,"2181 Rebecca Keys, Jessicaberg, IA 13975",1953-12-08
1032,20,Lance Wolf,client1032@email.com,+1-912-377-9979x9552,"9058 Lance Mission Apt. 054, Lake Michelleland, RI 78368",1975-03-20
1033,12,Julian Conner,client1033@email.com,2799359782,"182 John Mill Suite 889, West Nathan, LA 51280",1969-05-31
1034,19,Kyle Mccormick,client1034@email.com,+1-451-751-8644x9251,"91486 Li Skyway Apt. 685, West Kyleborough, MA 64237",1956-08-16
1035,7,Mrs. Elizabeth French DDS,client1035@email.com,+1-480-459-2962,"706 Rhodes Freeway, Bishopmouth, IN 70494",1959-05-30
1036,3,Rachel Mckee,client1036@email.com,859.477.4688,"0758 Jennifer Path, West Christopherburgh, KY 59394",1998-09-17
1037,2,Jeffrey Potts,client1037@email.com,575.806.0685,"Unit 5305 Box 1522, DPO AE 38102",1999-06-04
1038,8,Ronald Blake,client1038@email.com,379.601.0432x8986,"36971 Mary Parks, Lake Zacharybury, VT 19319",1962-06-25
1039,10,Harry Duncan,client1039@email.com,(218)851-8888,"654 Michael Cliff, Johnville, WI 76772",1988-09-03
1040,3,Andrew Payne,client1040@email.com,+1-227-772-2170x4303,"USCGC Hays, FPO AP 62550",1960-03-29
1041,8,Cheryl Kelly,client1041@email.com,001-705-641-5667x652,"69284 Garcia Islands Suite 479, Jacksonmouth, MI 59107",1947-10-18
1042,4,Heather Bolton,client1042@email.com,401-365-8202x970,"6909 Erika Land Suite 719, New Michael, MD 85640",1961-09-27
1043,13,Allison Lopez,client1043@email.com,368.914.4739x47312,"55188 Vance Vista Apt. 258, North Tracie, WY 18703",1959-04-07
1044,9,Isaac Armstrong MD,client1044@email.com,+1-829-811-4678,"51778 Anderson Village, Port Tammy, NE 66412",1999-01-11
1045,15,Caleb Hernandez,client1045@email.com,(525)635-8414,"818 Brittany Prairie Apt. 299, Meganshire, AZ 04219",1950-02-02
1046,12,Patricia Baker,client1046@email.com,996.590.7844,"7102 Perry Mountain Apt. 592, Michellemouth, VA 45769",2002-11-05
1047,6,Jacob Hoffman,client1047@email.com,537-414-7321x04696,"27877 Jimenez Course Suite 873, New Michael, AR 37378",1974-06-30
1048,12,Martha Ruiz,client1048@email.com,+1-201-862-4565,"8416 Duran Harbors, East Theresafurt, MN 44945",1978-03-18
1049,12,Charles Morrison,client1049@email.com,(480)700-2578x7298,"USNV Martin, FPO AP 97405",1995-01-05
1050,7,Katie Hicks,client1050@email.com,994.670.5516x9409,"Unit 9930 Box 9728, DPO AP 95027",1981-11-11
1051,9,Brittany Becker,client1051@email.com,8915307562,"028 Ann Shore Suite 865, South Rhonda, MA 72102",1966-03-14
1052,3,Michelle Schneider,client1052@email.com,001-549-973-3484x344,"441 Huang Locks Suite 240, Stephanieland, MI 58484",1984-01-01
1053,20,Cindy Clayton,client1053@email.com,584-221-9933x083,"712 Tamara Estate Suite 773, Manuelton, PW 12226",1983-10-14
1054,6,Parker Jefferson,client1054@email.com,2262206724,"4788 Small Dale, Nelsonville, MA 21799",1988-06-07
1055,18,Michelle Smith,client1055@email.com,449-932-9668x51612,"46374 Turner Stream, West Desireebury, AR 88029",1952-04-09
1056,8,Jared Shaw,client1056@email.com,001-741-845-9332x727,"339 Alicia Pines Suite 191, Port Amyhaven, ID 75566",1976-12-17
1057,6,Scott Ramos,client1057@email.com,+1-239-971-8707x2867,"064 Julie Prairie Apt. 065, New Virginialand, NJ 04660",1962-03-27
1058,15,Chad May,client1058@email.com,001-865-467-6618x251,"04786 Morrow Gateway, Reedview, ID 95531",1990-06-18
1059,13,Matthew Mendez,client1059@email.com,2335119079,"3830 William Highway Apt. 959, Joelberg, TN 68822",1958-05-04
1060,9,Antonio Fry,client1060@email.com,001-626-887-0568x566,"34270 Faulkner Point Apt. 634, West Deborah, NV 49138",1950-10-02
1061,18,Cheryl Adams,client1061@email.com,+1-599-501-3983x7354,"USS Burgess, FPO AA 32298",1986-05-04
1062,8,Jennifer Allen,client1062@email.com,746-578-5445x87717,"93204 Phillips Flat Suite 369, South Andrea, TX 44746",1960-06-24
1063,11,Tracy May,client1063@email.com,372.252.2872x8080,"31203 Brooks River Suite 700, Smithhaven, VA 36511",1976-11-27
1064,2,Jonathan Wolfe,client1064@email.com,(321)718-2339x84546,"USCGC Cunningham, FPO AP 30104",1962-12-30
1065,8,Angela Frey,client1065@email.com,+1-801-766-6870x0217,"033 Nelson Club, Rachelshire, TN 04813",1955-11-18
1066,2,Alexis Clark,client1066@email.com,(761)842-9396,"185 Connor Fort, West Cassiefurt, WI 43279",1947-01-17
1067,11,Willie Henry,client1067@email.com,(386)662-9619x431,"655 Christopher Inlet, Wardview, CT 17868",1950-06-13
1068,13,Justin Hunt,client1068@email.com,801-258-1995,"83982 Jackson Grove Suite 472, East Ryanchester, ME 63970",1991-06-23
1069,9,Tony Le,client1069@email.com,799.937.1240x6596,"5937 Thompson Locks, Kellyfort, OK 32276",1964-07-10
1070,3,Richard Diaz,client1070@email.com,001-939-682-8073,"7243 Hopkins Stravenue, Mccormickland, NV 78873",1973-07-28
1071,7,Jonathon Knapp,client1071@email.com,001-268-805-8911x352,"Unit 5610 Box 1438, DPO AP 68500",1978-03-21
1072,19,Connie Brooks,client1072@email.com,498.725.0714x611,"87571 Bowen Mission Suite 140, North Melindaville, TX 22043",2000-02-29
1073,11,Kelli Arnold,client1073@email.com,886-873-6226x60937,"41918 Michael Flat, Wilsonfort, NC 84270",1963-10-15
1074,7,James Wilson,client1074@email.com,(679)324-9912x513,"669 Bailey Manors, South Cynthia, UT 85076",2000-03-17
1075,16,Christopher Roberts,client1075@email.com,(557)890-5072,"USCGC Ortiz, FPO AA 54978",1987-03-13
1076,13,Christopher Cunningham,client1076@email.com,001-334-304-3842x797,"078 Veronica Cove Apt. 407, Michaelland, NV 15887",1991-01-22
1077,15,Robert Matthews,client1077@email.com,(696)429-2330x958,"9481 Sydney Turnpike Suite 042, East Dustin, MD 32948",1990-03-23
1078,5,Katherine Ray,client1078@email.com,766-271-1684x577,"751 Robinson Meadow, South Joseph, MP 37672",1965-03-23
1079,9,Kylie Washington,client1079@email.com,600-417-0127x70632,"54152 Randy Inlet Apt. 611, East Thomasberg, OR 30148",1975-12-12
1080,5,Adam Cooper,client1080@email.com,362-771-3611,"62218 Chelsey Expressway Suite 532, Jensenmouth, VI 28975",1950-05-31
1081,8,Paul Lawrence,client1081@email.com,(656)252-3413x8999,"89836 Lucas Tunnel Apt. 761, South Danielle, CA 69744",1997-09-25
1082,18,Isaac Stewart,client1082@email.com,(596)258-2710x9104,"PSC 6848, Box 6661, APO AP 70829",1977-01-07
1083,18,Bradley Miller,client1083@email.com,528.256.9146,"79904 David Station Apt. 027, Alexandraview, GA 49242",1952-10-14
1084,9,Debra Tanner,client1084@email.com,001-205-964-8149x177,"2419 Jeremy Pass, North Micheletown, IA 06527",1973-02-17
1085,19,Chris Velazquez,client1085@email.com,3867353654,"38061 Cline Trail, Markside, NH 01545",1967-01-24
1086,14,Richard Stevenson,client1086@email.com,275.897.3832,"050 Sweeney Stream Suite 138, South Travis, AR 19162",1987-04-15
1087,19,Thomas Merritt,client1087@email.com,865.471.9182x61990,"6557 Hall Flats Apt. 912, East Shannonmouth, MT 16326",1976-12-01
1088,13,Christine Parker,client1088@email.com,711-824-9035x213,"2067 Cody Cove Apt. 100, East James, MO 49291",1985-10-15
1089,12,Angela Willis,client1089@email.com,201-937-2151,"670 Vega Extensions Suite 324, Seanberg, AZ 80993",1981-10-30
1090,8,Edward Jenkins,client1090@email.com,+1-570-214-6263,"Unit 5787 Box 5985, DPO AA 35947",1955-11-28
1091,5,Daniel Huang,client1091@email.com,001-240-578-5932x133,"2239 Drake Square Suite 905, New Stacy, MP 65018",1977-04-13
1092,17,Andrew Brown,client1092@email.com,+1-730-287-0593x252,"85156 Matthew Islands, East Jessica, NE 84290",2001-12-23
1093,16,Carrie Novak,client1093@email.com,001-895-239-2644x220,"391 Taylor Summit Apt. 355, Lake Nicole, CO 93426",1984-10-30
1094,3,Gabriela Smith,client1094@email.com,931.854.1006,"Unit 6765 Box 8617, DPO AP 85824",1990-01-13
1095,2,Jerry Lloyd,client1095@email.com,8404541152,"9970 Dunlap Expressway, Mooreville, MA 27442",2002-10-15
1096,4,Julian Frost,client1096@email.com,+1-944-443-1069,"1497 Collin Ford, Lake Kelly, CO 62572",1995-01-30
1097,5,James Burns,client1097@email.com,+1-941-686-2565x2704,"021 Elizabeth Valley Suite 938, Port Paulhaven, MT 70691",1985-11-01
1098,6,Laura Young,client1098@email.com,416-508-9899x2172,"61632 Flores Stream, North Paulfurt, OH 43247",1995-11-03
1099,14,Sylvia Smith,client1099@email.com,001-399-386-1622x999,"8564 Pena Ports, Johnsonview, MO 19356",1981-10-10
1100,20,Jennifer Foster,client1100@email.com,430-674-5054x44713,"Unit 7546 Box 9137, DPO AE 53869",1989-01-05
1101,3,Sharon Nicholson,client1101@email.com,521.248.6289x02330,"345 Wagner Roads Apt. 035, Wheelerburgh, VI 62705",1979-12-04
1102,13,Christopher Kline,client1102@email.com,001-814-206-0293x333,"2290 Johnny Valley, Jenniferview, NE 49846",1995-07-17
1103,13,Daniel Turner,client1103@email.com,996.391.0858x99441,"544 Lopez Path Apt. 096, Erintown, SD 65692",2004-02-24
1104,20,Jason Price,client1104@email.com,6994353875,"1724 Stacey Isle, East Michaelport, MT 43927",1967-03-24
1105,15,Julie Wilson,client1105@email.com,8996917381,"35697 Leslie Stravenue, Port Christopher, MA 83211",2003-07-06
1106,17,Anthony Hayes,client1106@email.com,829.827.1296,"0083 Dodson Islands Apt. 003, Lake Natalie, ME 17400",1951-05-11
1107,9,Elizabeth Brown,client1107@email.com,4447789856,"Unit 7532 Box 6033, DPO AP 17698",1957-10-04
1108,18,Jonathan Martinez,client1108@email.com,001-306-848-9090x100,"472 Heather Roads, West Robertville, TN 68698",1961-03-24
1109,1,Breanna Rivas,client1109@email.com,589-614-1173,"6420 Lozano Spurs, Riveratown, AL 88533",1950-07-20
1110,4,Kenneth Snyder,client1110@email.com,981-214-3744,"45561 Melissa Cape, Port Devonburgh, MA 47362",1998-01-28
1111,18,Debra Quinn,client1111@email.com,(352)416-6746x762,"16979 White Light, Cherylberg, NJ 64480",1951-12-17
1112,9,Angel Green,client1112@email.com,708-899-3588x91637,"28772 Karen Islands, West Tara, AR 66945",1958-06-09
1113,11,Jennifer Young,client1113@email.com,879.871.7751x701,"99488 Diamond Motorway, Michaelton, GU 29719",1995-02-11
1114,4,Randall Greene,client1114@email.com,001-757-311-3055x488,"2614 Jacob Walk, Lewisborough, VT 44794",1951-08-28
1115,10,Timothy Monroe,client1115@email.com,001-217-879-8270,"292 Dale Shoals Suite 866, West Raymond, MA 39058",1972-01-06
1116,14,Jason Graves,client1116@email.com,001-484-785-8333x945,"799 Craig Ville Suite 608, North Oscarton, TN 07920",1957-02-02
1117,6,Candace Mitchell,client1117@email.com,520-843-8057x198,"066 Frye Spur Suite 800, Jamesmouth, MP 30064",1999-01-28
1118,15,Maria Fischer,client1118@email.com,+1-493-334-7212,"8422 Smith Mountain Apt. 025, Port Sarahport, NM 75562",1977-10-03
1119,1,Michael Fox,client1119@email.com,(381)782-6886,"555 Robinson Terrace, Barajastown, DE 88180",1965-09-17
1120,9,Martin Sellers,client1120@email.com,205.761.6484,"0435 Stacy Expressway Apt. 133, Houstonborough, ND 92610",1997-02-19
